id,text,user_name,id_str,created,retweet_count
1,"RT @nemo309_226_232: ã€å€‹äºº4å¤§ä¼šé€£ç¶šäº”è¼ªå‡ºå ´ã‚’é€ƒã—ãŸç¦å³¶åƒé‡Œã€Œçµ‚ã‚ã‚Šã®å§‹ã¾ã‚Šã€é€²é€€ã®æ˜è¨€ã¯é¿ã‘ã‚‹ã€‘

â—¼ï¸æ—¥é‹ã‚³ãƒ¼ãƒ‰181ï¼ã‚³ãƒ¼ãƒ‰329ã€Œçµ‚ã‚ã‚Šã®å§‹ã¾ã‚Šã€

ç™ºè¨€ã¾ã§ã‚‚ã‚³ãƒ¼ãƒ‰é€šã‚ŠğŸ¯

#ã‚³ãƒ¼ãƒ‰ãƒ­ã‚¸ãƒ¼ #å¤©ç€¬ã²ã¿ã‹ æ§˜
https://t.co/3V0vIwâ€¦",takoyakirunrun,1408179100431249412,2021-06-24T21:43:54,0
2,"RT @priconne_redive: ã€å¾©åˆ»ã‚¹ãƒˆãƒ¼ãƒªãƒ¼ã‚¤ãƒ™ãƒ³ãƒˆRTã‚­ãƒ£ãƒ³ãƒšãƒ¼ãƒ³ã€‘
æœ¬ã‚¢ã‚«ã‚¦ãƒ³ãƒˆã‚’ãƒ•ã‚©ãƒ­ãƒ¼ã—ã€ã“ã®ãƒ„ã‚¤ãƒ¼ãƒˆã‚’RTã—ã¦ãã‚ŒãŸæ–¹ã®ä¸­ã‹ã‚‰æŠ½é¸ã§6åæ§˜ã«ã€
å¾©åˆ»ã‚¹ãƒˆãƒ¼ãƒªãƒ¼ã‚¤ãƒ™ãƒ³ãƒˆã€Œä¸æ€è­°ã®å›½ã®ãƒªãƒã€€å°ã•ãªã‚¢ãƒªã‚¹ã¨å¸Œæœ›ã®çµµæœ¬ã€å†…ã®ã‚¢ãƒ‹ãƒ¡è¤‡è£½åŸç”»ã‚’ã€ã‚µã‚¤ãƒ³å…¥ã‚Šã§ãƒ—ãƒ¬ã‚¼ãƒ³â€¦",ariyori_no_ari,1408179100439650304,2021-06-24T21:43:54,0
3,"RT @maxeggleton_: If you want the vaccine get it, if you donâ€™t then donâ€™t, if you wanna  go gym then go gym if you wanna scran 20 choccy baâ€¦",L_meiehofer,1408179100406235143,2021-06-24T21:43:54,0
4,"RT @mn_enta: æ³¢ç‘ ãƒ»ç”°ä¸­åœ­ãƒ»ä¸­å³¶å¥äººãƒ»å°èŠé¢¨èŠ±ãƒ»æ¸¡é‚Šåœ­ç¥ãƒ»åŒ—æ‘åŒ æµ·ã‚‰ãŒã‚¤ãƒ³ãƒˆãƒ­ãƒãƒˆãƒ«

#æ³¢ç‘  #ç”°ä¸­åœ­ #ä¸­å³¶å¥äºº #å°èŠé¢¨èŠ± #æ¸¡é‚Šåœ­ç¥ #åŒ—æ‘åŒ æµ· #ãƒ‰ãƒ¬ãƒŸãƒ•ã‚¡ãƒ‰ãƒ³ https://t.co/86KoQFQ0xz",RikoKento313,1408179100494172161,2021-06-24T21:43:54,0
5,RT @DeanObeidallah: Fox News is teaching Americans to hate America- from their attacks on our democracy to the police to the U.S. military.,BiterzZee,1408179100557070336,2021-06-24T21:43:54,0
6,ç”·å­ç”Ÿå¾’ã«ç¾é‡‘æ¸¡ã™ç´„æŸã—ã‚ã„ã›ã¤ã‹â€¦æ•™è‚²æ©Ÿé–¢è·å“¡ï½œãƒ†ãƒ¬æœnews-ãƒ†ãƒ¬ãƒ“æœæ—¥ã®ãƒ‹ãƒ¥ãƒ¼ã‚¹ã‚µã‚¤ãƒˆ https://t.co/iMVhWILXvw,krhmfree,1408179100557012994,2021-06-24T21:43:54,0
7,Looks like I'm not the only one having issues...,robbed_by,1408179100565618689,2021-06-24T21:43:54,0
8,"RT @KanalocoLocal: ã€ä¸‰æµ¦ã€‘ã‚ã‚ŠãŒã¨ã†ãƒãƒªãƒ³ãƒ‘ãƒ¼ã‚¯ã€€åœ°å…ƒã®å°å­¦ç”Ÿã€æ„Ÿè¬ã®å¯„ã›æ›¸ã
https://t.co/XmkUsviCqk
ã€Œãƒãƒªãƒ³ãƒ‘ãƒ¼ã‚¯ã‚’å¿˜ã‚Œã¾ã›ã‚“ã€ã€‚9æœˆæœ«ã®é–‰é¤¨ã‚’æƒœã—ã¿ã€åœ°å…ƒã®å¸‚ç«‹å°å­¦æ ¡ã®å…ç«¥ãŸã¡ãŒäº¬æ€¥æ²¹å£ºãƒãƒªãƒ³ãƒ‘ãƒ¼ã‚¯ã«æ„Ÿè¬ã®å¯„ã›æ›¸ãã‚’æ‰‹æ¸¡ã—ãŸã€‚â€¦",mhkkrt,1408179101043548161,2021-06-24T21:43:55,0
9,RT @DrCharlesL: I find the bragging from MPs about our vaccine rollout in comparison to other countries frustrating when there is so much sâ€¦,SP_015,1408179101052157954,2021-06-24T21:43:55,0
10,RT @tospo_prores: ãƒ¢ãƒ¼å¨˜ã€‚ãŒãƒ¯ã‚¤ãƒ¤ãƒ¬ã‚¹ã‚¤ãƒ¤ãƒ›ãƒ³ã®ã‚¿ã‚¤ã‚¢ãƒƒãƒ—ã‚¢ãƒ¼ãƒ†ã‚£ã‚¹ãƒˆå°±ä»» #ãƒ¢ãƒ¼ãƒ‹ãƒ³ã‚°å¨˜21 https://t.co/qQjy7yjUV9,axiomaton,1408179101202980867,2021-06-24T21:43:55,0
11,"RT @TomJGarry: Arsenal are closing their Women's Player Development Programme for girls aged 7-15. The news came in an email to parents, seâ€¦",Atey0,1408179101161099273,2021-06-24T21:43:55,0
12,"RT @Justindoigt2: ""Je me vaccine pour voyager.""
PCR pour tous ! et au retour de certains pays
Quarantaine pour les non vaccinÃ©s = 10 joursâ€¦",Charlot88607852,1408179101719052289,2021-06-24T21:43:55,0
13,RT @MrKennethClarke: 5 years since the country voted â€˜Leaveâ€™ under false pretences in the EU referendum. Our economy is in the worst shapeâ€¦,juliangold64,1408179101685399555,2021-06-24T21:43:55,0
14,@hrtablaze @cvpayne https://t.co/y0SBwsKvkk,DavesArmy2,1408179101765189636,2021-06-24T21:43:55,0
15,"RT @LCW_mofu: ã‚¹ã‚«ãƒ¼ãƒˆã‚ãã‚Šã‚¹ãƒãƒ›å·®ã—å…¥ã‚Œã€€ã€Œæ’®ã£ãŸã‚„ã‚ã†ã€ï¼‘ï¼—æ­³å°‘å¥³ãŒè¿½ã„æ›ã‘ã€ï¼–ï¼’æ­³ç”·ã‚’å–ã‚ŠæŠ¼ã•ãˆã€€é˜ªæ€¥å¡šå£é§…(ç¥æˆ¸æ–°èNEXT)
#Yahooãƒ‹ãƒ¥ãƒ¼ã‚¹
https://t.co/pVo2h0UeS7",junklife1km,1408179101953761283,2021-06-24T21:43:55,0
16,"RT @KLchemistry: #ChemPeeps,  Please apply or help me to share the great news! ğŸ˜ŠWe have a PhD opening in the lab funded by The @LeverhulmeTâ€¦",MGillChem,1408179101907701771,2021-06-24T21:43:55,0
17,https://t.co/16EALDxXQ2,GazzaEdsey,1408179101802893318,2021-06-24T21:43:55,0
18,"RT @y_cherrysnow: ã‚‚ããƒŠãƒ“(@mognavi)æ§˜ã®ãƒ•ã‚©ãƒ­ãƒ¼ï¼†RTã‚­ãƒ£ãƒ³ãƒšãƒ¼ãƒ³ã§
ã‚µãƒ³ãƒãƒ«ã‚¯ã‚«ãƒ•ã‚§ã‚®ãƒ•ãƒˆãƒã‚±ãƒƒãƒˆ500å††åˆ†ãŒ
å½“é¸ã—ã¾ã—ãŸğŸ’
ã‚ã‚ŠãŒã¨ã†ã”ã–ã„ã¾ã™ğŸ¥°

ãƒãƒ§ã‚³ã‚¯ãƒ­å¥½ããªã®ã§å¬‰ã—ã„ğŸ’•
ãŠå‡ºã‹ã‘æ™‚ã®ãƒ©ãƒ³ãƒã«ä½¿ã‚ã›ã¦ã„ãŸã ãã¾ã™â˜•ï¸ğŸ¥ª
ä»Šã‹ã‚‰æ¥½ã—ã¿ãƒ¼ãƒ¼â€¦",Heretochat5,1408179101920206849,2021-06-24T21:43:55,0
19,ã‚‚ã†ã™ã§ã«ä¸–ç•Œä¸€ãƒã‚«ãªç·ç†å¤§è‡£ã§ã™ã€‚,jikkyunyudou,1408179102075351040,2021-06-24T21:43:55,0
20,"RT @PredatorOilGas: SLR Consulting Ireland, planning &amp; environmental advisors to our wholly-owned subsidiary Mag Mell Energy Ireland Ltd #Mâ€¦",DHayett,1408179102046167040,2021-06-24T21:43:55,0
21,"RT @jordangreennc: NEW: Shane Woods of Auburn, IL is the first Capitol insurrectionist who faces charges of assaulting members of the newsâ€¦",DoxerPb,1408179102130057226,2021-06-24T21:43:55,0
22,åˆæœŸãƒãƒƒãƒ—ã¯ã‚ã¤ã„,eviko_pop,1408179102373138432,2021-06-24T21:43:55,0
23,Breaking news : Common sense is a endangered species. Stupidity has taken over the world and unfortunately there is no known cure.,David53004862,1408179102440361988,2021-06-24T21:43:55,0
24,"RT @RRReol_official: ã€ŒReol Installation Concert 2021 éŸ³æ²™æ±°ã€ã«ã”æ¥å ´ã„ãŸã ããŠå®¢æ§˜ã¸å¤§åˆ‡ãªã”æ¡ˆå†…

https://t.co/HwUWgJPY8Z https://t.co/wVlvYwaNRy",0620xyz,1408179102608027649,2021-06-24T21:43:55,0
25,RT @ConElMazoDando: India: Reportan primer fallecido por la variante de Covid-19 Delta plus https://t.co/V73UcyQEFP  #ConCaraboboLaPatria hâ€¦,Ovidio46878266,1408179102604042249,2021-06-24T21:43:55,0
26,RT @MichaelRosenYes: Yes!,WNORRIS1,1408179102562107402,2021-06-24T21:43:55,0
27,"RT @SassyMelanin: In other news, Ka3na deserves her own reality show please ğŸ˜‚ğŸ˜‚ğŸ˜‚.
She's all round drama and I love it even the hazzcent ğŸ˜‚ğŸ˜‚ğŸ˜‚",UD_V1V1AN,1408179102683643905,2021-06-24T21:43:55,0
28,RT @Rich_Wanker: @ggreenwald @esaagar @krystalball @maddow COURT DECLARES AMERICAN NEWS TO BE BULLSHIT,ToddHowardSuxx,1408179102977122307,2021-06-24T21:43:55,0
29,"RT @nicole_carroll: Collapsed Miami condo had been sinking into Earth as early as the 1990s, researchers say. ""When he heard the news thatâ€¦",Jasperlope,1408179103061090305,2021-06-24T21:43:55,0
30,"RT @JackPosobiec: Pay for play

NYTimes 'KILLED expose on Scott Rudin's abusive behavior last year amid fears that the No Country for Old Mâ€¦",jjhicret,1408179103056990209,2021-06-24T21:43:55,0
31,"RT @juliettekayyem: As I was saying, something doesn't seem right. .. . buildings don't just collapse without some event like an explosion,â€¦",KTG_,1408179103144939520,2021-06-24T21:43:55,0
32,EU TR AMO PAOLA VACINANDO,marxsteeI,1408179103207989248,2021-06-24T21:43:55,0
33,"RT @NedaaAlkhamis: 15472 ÙˆÙÙŠØ§ØªØŒ
 1.5 Ù…Ù„ÙŠÙˆÙ† Ø§ØµØ§Ø¨Ø© (50Ùª Ø®Ø·ÙŠØ±Ø©) 
ØªÙ… Ø§Ù„Ø¥Ø¨Ù„Ø§Øº Ø¹Ù†Ù‡Ø§ ÙÙŠ Ù‚Ø§Ø¹Ø¯Ø© Ø¨ÙŠØ§Ù†Ø§Øª Ø§Ù„Ø§ØªØ­Ø§Ø¯ Ø§Ù„Ø£ÙˆØ±ÙˆØ¨ÙŠ Ù„Ù„ØªÙØ§Ø¹Ù„Ø§Øª Ø§Ù„Ø¯ÙˆØ§Ø¦ÙŠØ© Ø§Ù„Ø¶Ø§Ø±Ø© Ù„Ù„â€¦",pi5po,1408179103467966470,2021-06-24T21:43:55,0
34,Cracking news the Pitcairn Islands are now on the U.K. green travel list. Millions can now book their summer hols #greenlist,timutteridge,1408179103698763776,2021-06-24T21:43:55,0
35,"RT @KamalaHarris: The United States has experienced more deaths from COVID-19 than from World War I, World War II, the Vietnam War, and 9/1â€¦",laurie53225799,1408179103723790337,2021-06-24T21:43:55,0
36,"RT @revuestarlight: ğŸŠç„¡æ–™é…ä¿¡æ±ºå®šğŸŠ
èˆå°ï¼ƒ3Growthã®æ¥½å¤©å…ˆè¡Œã®å®Ÿæ–½ã¨ãƒã‚±ãƒƒãƒˆä¸€èˆ¬ç™ºå£²ã‚’è¨˜å¿µã—ã¦ğŸ‰
èˆå°ã€Œå°‘å¥³â˜†æ­ŒåŠ‡ ãƒ¬ãƒ´ãƒ¥ãƒ¼ã‚¹ã‚¿ã‚¡ãƒ©ã‚¤ãƒˆ-The LIVE- #1 revivalã€ã‚’YouTubeã‚¹ã‚¿ã‚¡ãƒ©ã‚¤ãƒˆãƒãƒ£ãƒ³ãƒãƒ«ã«ã¦6/26(åœŸ)ã‚ˆã‚Šç„¡æ–™é…ä¿¡æ±ºâ€¦",bamiyan_stage,1408179103795089410,2021-06-24T21:43:55,0
37,RT @alessiasliv: ğŸ“² BREAKING NEWS! Olivia Rodrigo announces her second album â€œspicyâ€ https://t.co/6BRWZ0iAFW,AveryNe80476250,1408179103732310019,2021-06-24T21:43:55,0
38,RT @osowxvyy: Now I see why my mum never let me sleep at a friend's house,britannyleessa,1408179103648395264,2021-06-24T21:43:55,0
39,"#ã‚³ãƒ¬ã‚³ãƒ¬ã€€#äººæ°—YouTuber 
ã‚‚ã†Yahooãƒ‹ãƒ¥ãƒ¼ã‚¹ã«ãªã£ã¦ã‚‹â€¦
ã‚³ãƒ¬ã‚³ãƒ¬ã•ã‚“ã®ã‚¢ãƒ¼ã‚«ã‚¤ãƒ–ã¿ã¦ãƒ“ãƒƒã‚¯ãƒªã—ãŸã‚‡ã‰ã€‚å¤§å¤‰ãªäº‹ã«ãªã£ã¡ã‚ƒã£ã¦ã‚‹ğŸ’¦

YouTuber31äºº å®£è¨€ä¸‹ã«å®´ä¼š
#Yahooãƒ‹ãƒ¥ãƒ¼ã‚¹
https://t.co/tAgZhWrl1j",t_m_d_r_,1408179103987945475,2021-06-24T21:43:55,0
40,RT @NickAdamsinUSA: Ted Lieu is a fraud! https://t.co/MxcT9cJgg1,x4Ft7HWkMzgbgMe,1408179104189460481,2021-06-24T21:43:55,0
41,"RT @tv_asahi_news: å°æ¹¾ãƒ»è”¡ç·çµ±ã€Œæ®‹å¿µã«æ€ã†ã€ãƒªãƒ³ã‚´æ—¥å ±ç™ºè¡Œåœæ­¢å—ã‘ 
https://t.co/dmyX3aw52x",AORtgYtW3nc1cHW,1408179104378089472,2021-06-24T21:43:55,0
42,M.Pokora mort Ã  cause de ses tatouages!,nairaxo,1408179104277581831,2021-06-24T21:43:55,0
43,RT @magnusllewellin: Nicola Sturgeon has been accused of burying bad news by delaying a decision to scrap the Scottish Qualifications Authoâ€¦,Inmyview5,1408179104470421512,2021-06-24T21:43:55,0
44,"@Dangchick1 CRT the actual academic model is a great tool for learning.
CRT as breathlessly flogged by Fox News isâ€¦ https://t.co/yn8dCqzbyz",HoTimothyJo,1408179104562700293,2021-06-24T21:43:55,0
45,"Well, crap. Not that Iâ€™m upset about the actual prospect of genuine infrastructure spending, just that Sinema, a frâ€¦ https://t.co/01fxrU43fB",ProdSlash,1408179104797519872,2021-06-24T21:43:55,0
46,"RT @vivamjm: ""The UK's departure from the European Union has coincided with the Covid-19 pandemic and a *worldwide shortage* of HGV driversâ€¦",MrBenWasTheBest,1408179105040830474,2021-06-24T21:43:56,0
47,"@binance @BinanceBCF @TheBinanceNFT -GL0BAL NEWS-
 Very important event!

 More inf0rmation:â€¦ https://t.co/Ht32igRey9",JavaSTL,1408179105061818371,2021-06-24T21:43:56,0
48,"TROPHY HUNTING

To this THIS DAY
these areas are 
TERRIFYINGğŸ˜±

SOUTH AFRICA and

â–«ï¸MEDICINE (Prime Evil) 
â–«ï¸POLICE&amp;â€¦ https://t.co/442gYRYlT5",scarlet_musical,1408179105170853891,2021-06-24T21:43:56,0
49,@crf_mayk @edvaldocaldasjr @SamPancher @PedroHallal Epidemiologia ligada aos exercÃ­cios fÃ­sicos.  Entra na plataforâ€¦ https://t.co/fYr1P51z1H,H_T_Junior,1408179105376374794,2021-06-24T21:43:56,0
50,"RT @crank_in_net: æ«»å‚46ãƒ»ç”°æ‘ä¿ä¹ƒã€1stå†™çœŸé›†ã®ç™ºå£²æ±ºå®šã€€æ”¹åå¾Œã‚°ãƒ«ãƒ¼ãƒ—åˆ
#ç”°æ‘ä¿ä¹ƒã€€#æ«»å‚46

â–¼è¨˜äº‹è©³ç´°ï¼†å…ˆè¡Œã‚«ãƒƒãƒˆï¼ˆ3æšï¼‰
https://t.co/poVQNd7Xnn https://t.co/0NDibPskqJ",my329UME16,1408179105804165120,2021-06-24T21:43:56,0
51,RT @willsommer: There's a real fascist vibe to this One America News personality calming calling for the execution of potentially tens of tâ€¦,SFSwede,1408179105820987393,2021-06-24T21:43:56,0
52,RT @EricBoehlert: â€œThe United States is the only major country in the world where terrestrial radio pays no royalties to performers or recoâ€¦,MR_FJG_SON,1408179105934106630,2021-06-24T21:43:56,0
53,"RT @doctor_oxford: YES.

Not next month. Not next year. Not next election cycle.

Now. 

RT if you agree. https://t.co/nGrv6KBhvc",nellie_noodle,1408179105758076939,2021-06-24T21:43:56,0
54,Nearly all COVID deaths in US are now among unvaccinated https://t.co/BYaYJMPyW5 via @Yahoo,pkcomedyshow,1408179105963511809,2021-06-24T21:43:56,0
55,ContinÃºa el ayuntamiento capitalino apoyando a la Secretaria de Bienestar con insumos para la vacunaciÃ³n COVID-19â€¦ https://t.co/1mSxoAnq9X,AytoTlaxcala,1408179105711931403,2021-06-24T21:43:56,0
56,"RT @fateCEOavi: You can write anything if it ends with -n1272176 and it will lead to this article lol
https://t.co/vUb0yqpE6N https://t.co/â€¦",Sajfaj301,1408179106408284164,2021-06-24T21:43:56,0
57,RT @nhk_news: ãƒã‚¤ã‚¯ãƒ­ã‚½ãƒ•ãƒˆ ã€Œã‚¦ã‚£ãƒ³ãƒ‰ã‚¦ã‚º11ã€ã“ã¨ã—å¾ŒåŠã«æä¾›ã¸ #nhk_news https://t.co/feCYdJyoMq,mkitidon,1408179106533892097,2021-06-24T21:43:56,0
58,RT @markmobility: OMG. A black teen was on his girlfriend's back porch when a Florida state trooper Tased him. @CBS12 reports he will remaiâ€¦,Kathleen1137,1408179106462769153,2021-06-24T21:43:56,0
59,https://t.co/XpOipXYNkn,GrantWGraves,1408179106726825984,2021-06-24T21:43:56,0
60,"RT @RichardGCorbett: 5 years today since the #Referendum 
Confounding expectations, public opinion has NOT rallied behind the result, despiâ€¦",BarbaraJCormack,1408179106601132037,2021-06-24T21:43:56,0
61,ğŸ’¯ğŸ‘‚âš ï¸âš ï¸https://t.co/aVF90wwCnz,REALT39311964,1408179106940952578,2021-06-24T21:43:56,0
62,"RT @NIPEC_online: Launch of the Report - ""Nurses for Health Equity"" at WISH on 22/06/21 ""Nurses at the forefront of change, challenging theâ€¦",C_Hannaway,1408179107066748931,2021-06-24T21:43:56,0
63,"RT @NJPolicy: ğŸ©º BIG HEALTH CARE NEWS: The New Jersey Senate &amp; Assembly have passed legislation to #CoverAllKids!

Right now, there are moreâ€¦",NJPHA1,1408179107180027908,2021-06-24T21:43:56,0
64,"RT @KamalaHarris: The United States has experienced more deaths from COVID-19 than from World War I, World War II, the Vietnam War, and 9/1â€¦",TopofthePhil,1408179107364540426,2021-06-24T21:43:56,0
65,RT @mister_sid_: https://t.co/iR84T9lVM0,james_honore,1408179107423260676,2021-06-24T21:43:56,0
66,RT @ExpandMajority: We're an account dedicated to expanding the Democratic majorities in both the House and Senate in 2022. Please do us aâ€¦,seekerwill,1408179107398029318,2021-06-24T21:43:56,0
67,RT @NARALMissouri: SAY ğŸ“¢ IT ğŸ“¢ @KennedyXpress! â€œNo one should lose their birth control coverage based on how much money they make or what kiâ€¦,Ceyx54,1408179107456823299,2021-06-24T21:43:56,0
68,"RT @gill_godwin: The private message said ""Pension"" 
How can that possibly be considered racist?  
#cdnpoli 

Bennett issues public apologyâ€¦",aholyghost1,1408179107570012167,2021-06-24T21:43:56,0
69,"RT @DrEricDing: âš ï¸â€œ5-10 secondsâ€ is all one needs to transmit the #DeltaVariant, warns Queensland ğŸ‡¦ğŸ‡º health officer, that it **no longer taâ€¦",Emeraldmuse,1408179107549089796,2021-06-24T21:43:56,0
70,"æ«»å‚46ç”°æ‘ä¿ä¹ƒã€1stå†™çœŸé›†æ±ºå®š åˆã‚ã¦ã®æ°´ç€ãƒ»ãƒ©ãƒ³ã‚¸ã‚§ãƒªãƒ¼ãƒ»ãŠé¢¨å‘‚ã§å¤§èƒ†ã« 
#ç”°æ‘ä¿ä¹ƒ #æ«»å‚46 

https://t.co/vLY8yAjDYG @modelpressã‚ˆã‚Š",passion2000,1408179107557302272,2021-06-24T21:43:56,0
71,"RT @tolissoo24: La fin du monde en 2012, fallait voir les transpirations sur le front au collÃ¨ge",SalmaMk_,1408179107758804996,2021-06-24T21:43:56,0
72,"IMPD released a video summary of the investigation into officers shooting a domestic disturbance suspect May 31.

https://t.co/Yoj5tL1TWs",WTHRcom,1408179107595173889,2021-06-24T21:43:56,0
73,"RT @realpfigueiredo: Enquanto isso, a antiga @JovemPanNews, atual Candil News, segue insultando a sua audiÃªncia.

""Jornalismo"" cada vez maiâ€¦",william_wfq,1408179107888828421,2021-06-24T21:43:56,0
74,"RT @toubennbenn: å®‰å€æ”¿æ¨©ã‹ã‚‰ç¶šãã€Œæœ€åˆã‹ã‚‰è¨˜éŒ²ã‚’ä½œã‚‰ãªã„ã€è·¯ç·šã®è…æ”¿æ¨©ã€‚
æ±æ—¥æœ¬å¤§éœ‡ç½ã®æ™‚ã€è‡ªæ°‘å…šã‚‚è…ç¾©å‰ã•ã‚“ã‚‚è­°äº‹éŒ²ä½œæˆãŒãªã„ã¨è‰¯ã„æ‰¹åˆ¤ã‚’å±•é–‹ã€‚
æ°‘ä¸»å…šæ”¿æ¨©ã¯å¾Œã‹ã‚‰ãƒ¡ãƒ¢ç­‰ã‚’é›†ã‚ã¦è­°äº‹éŒ²ãªã‚Šã®ã‚‚ã®ã‚’ä½œæˆã—ãŸã€‚
ä»–æ–¹ã§å®‰å€è…æ”¿æ¨©ã€ä½•ã‚’è¨€ã‚ã‚Œã¦ã‚‚è­°äº‹éŒ²ã¯ä½œæˆã›ãšã€‚â€¦",nazeka_daiku,1408179107871875073,2021-06-24T21:43:56,0
75,Ideal way for leadership to reward the longs (who persevere &amp; build  foundation of $ENZC stock) is to stay mainly qâ€¦ https://t.co/QgD3PTmIhs,_WAVVO,1408179107892846592,2021-06-24T21:43:56,0
76,Y'all hear something?,sbximperial,1408179107914002437,2021-06-24T21:43:56,0
77,"RT @RNCResearch: While President Trump and Republicans were leading the fastest vaccine development and rollout in history, Biden and Harriâ€¦",Antoinotabot,1408179107972661250,2021-06-24T21:43:56,0
78,RT @jemmy_wood: Hey Julianâ€¦ howâ€™s this tweet going for you now?,brummer_brumm,1408179107909849096,2021-06-24T21:43:56,0
79,"RT @nathanpsmad: â± La course entre le variant delta et la vaccination a dÃ©jÃ  commencÃ©

Les vaccins disponibles sont trÃ¨s efficaces (&gt; 90%)â€¦",Jigsmo,1408179108224319490,2021-06-24T21:43:56,0
80,Othal Wallace: 5 Fast Facts You Need to Know | https://t.co/3C18gXyNO9 https://t.co/g8u4El3WDx #WantedFugitive,Agent99XXX,1408179108178182147,2021-06-24T21:43:56,0
81,RT @CoreyRForrester: FREEDOM. FLAG. FUCK YOU!!,cardon_brian,1408179108211838980,2021-06-24T21:43:56,0
82,RT @ryukyushimpo: ã”å½“åœ°ãƒ•ãƒ©ãƒšãƒãƒ¼ãƒè²©å£²ã¸ã€€ã‚¹ã‚¿ãƒæ—¥æœ¬25å‘¨å¹´ã€€47éƒ½é“åºœçœŒã€€æ²–ç¸„ã¯ã¡ã‚“ã™ã“ã†ã€€https://t.co/1LhRjtdvJk,BREEZE3102,1408179108400418819,2021-06-24T21:43:56,0
83,Windows10ãŒæœ€å¾Œã˜ã‚ƒãªã„ã®ï¼Ÿã¨æ€ã£ãŸã‘ã©ã€å¹´2ã®ã‚¢ãƒƒãƒ—ãƒ‡ãƒ¼ãƒˆã®å»¶é•·ç·šä¸Šã§ã€åå‰ã‚’Windows11ã¨ã„ã†åˆ†ã‹ã‚Šã‚„ã™ã„åç§°ã«å¤‰ãˆãŸã ã‘ã£ã¦æ„Ÿã˜ã‹ã€‚,m_will33,1408179108480053248,2021-06-24T21:43:56,0
84,æ¬¡ä¸–ä»£OSã€Windows 11ã€ç™ºè¡¨ã€‚ã‚²ãƒ¼ãƒ å‘ã‘ã«Xbox Series X|Sã«ã‚‚æ­è¼‰ã•ã‚ŒãŸã€Œã‚ªãƒ¼ãƒˆHDRã€ã‚„ã€Œãƒ€ã‚¤ãƒ¬ã‚¯ãƒˆã‚¹ãƒˆãƒ¬ãƒ¼ã‚¸ã€ãŒè¿½åŠ ã€Win10ã‹ã‚‰ã®ç„¡å„Ÿã‚¢ãƒƒãƒ—ã‚°ãƒ¬ãƒ¼ãƒ‰ã¯2021å¹´å¾ŒåŠã‚¹ã‚¿ãƒ¼ãƒˆäºˆå®šâ€¦ https://t.co/SIFUyXRAYG,m_shinya80,1408179108463316994,2021-06-24T21:43:56,0
85,"RT @cagrimbakirci: ABD'de COVID-19 nedeniyle Ã¶lenlerin %99.2'sini *aÅŸÄ±lanmamÄ±ÅŸlar* oluÅŸturuyor.

%99.2!

AklÄ± olan aÅŸÄ±lanÄ±r.

""EndiÅŸe"" adÄ±â€¦",anneinsan,1408179108631257090,2021-06-24T21:43:56,0
86,"å…¬é–‹ãŒæ¥½ã—ã¿ã§ã™ã€‚
 https://t.co/QjzfjiRxRc",to_momo,1408179108710805504,2021-06-24T21:43:56,0
87,Had all the #Vardy stuff not happened this would be huge news. #ROC #Soccer now has a solidified pipeline to the prâ€¦ https://t.co/CFYpXTrQJ1,PastaGut,1408179108626960387,2021-06-24T21:43:56,0
88,"RT @OffLalanne: .Ils essayent l'escroquerie du ""variant Delta"" pour tenter de pousser les gens Ã  leur dosage et gagner de l'argent ! On neâ€¦",France53504267,1408179108887072773,2021-06-24T21:43:56,0
89,@Kelly_K_77 @Archimides1982 @cppeterson @ShaunBizzy @MrColinBoyd @briantylercohen @CocoMentos @mattgaetz Because thâ€¦ https://t.co/cYMP7YNfhx,Lethal6199Rblx,1408179108799037445,2021-06-24T21:43:56,0
90,This. #auspol quite possibly the most dangerous news is sky free to air everywhere with no local news content.,OpChildrenFirst,1408179108987604998,2021-06-24T21:43:56,0
91,"RT @AngelaRayner: Rob Roberts should not be an MP for another day longer, and he should be let nowhere Parliament or any staff. 

This caseâ€¦",AndyBuzzTaylor,1408179109101031430,2021-06-24T21:43:56,0
92,"RT @SD_GUNDAM_WORLD: ï¼
ã€#SDã‚¬ãƒ³ãƒ€ãƒ ãƒ¯ãƒ¼ãƒ«ãƒ‰ ãƒ’ãƒ¼ãƒ­ãƒ¼ã‚ºã€ãŠå®GETâ—ï¸ã‚­ãƒ£ãƒ³ãƒšãƒ¼ãƒ³é–‹å‚¬ğŸ‰
ï¼¼

ğŸå¿œå‹Ÿæ–¹æ³•
â‘ @SD_GUNDAM_WORLD ã‚’ãƒ•ã‚©ãƒ­ãƒ¼
â‘¡ã“ã®ãƒ„ã‚¤ãƒ¼ãƒˆRTğŸ”

æŠ½é¸ã§20åæ§˜ã«ã€å®®å†…ã•ã‚“(@garumasousen)ç›´ç­†ã‚µã‚¤ãƒ³è‰²ç´™â€¦",e_ma0319,1408179109184770053,2021-06-24T21:43:56,0
93,@Trader000001 Wonderful News ! Letâ€™s Go BPOTY!!!,TeishaLlewellyn,1408179109163896833,2021-06-24T21:43:56,0
94,RT @Donate4Daithi: Absolutely delighted with tonightâ€™s news and looking forward to engaging with all our politicians to make sure we can geâ€¦,jim_doc666,1408179109088333824,2021-06-24T21:43:56,0
95,"@CBSNews While walking dog this morning, ran into talkative 86 yo with Vietnam Veteran USMC hat on. He said he hadâ€¦ https://t.co/NsYSomvsf5",EnragedApostate,1408179109184692224,2021-06-24T21:43:56,0
96,hee hee,bfchild66,1408179109390389252,2021-06-24T21:43:57,0
97,@VincentJEANBRUN @LauStmartin @enmarchefr @StanGuerini @vpecresse Peut Ãªtre une fake news ğŸ˜…ğŸ™„ğŸ˜‚,christopheip,1408179109591715840,2021-06-24T21:43:57,0
98,"RT @NickAdamsinUSA: If the election was held today, President Trump would WIN BIG!! https://t.co/T2bw1a01GN",land_teo,1408179109503672320,2021-06-24T21:43:57,0
99,RT @ditofc_53: Ayuda a Sarina Marchese a vencer el COVID-19 https://t.co/zyNu1bZJOH,ylmendesr,1408179109549727756,2021-06-24T21:43:57,0
100,RT @TaylorHerringUK: Busy day coordinating media for a travel industry day of action in Westminster to call on govt to capitalise on vaccinâ€¦,itsjamesherring,1408179109654577152,2021-06-24T21:43:57,0
101,RT @ApapsoPeru: Los pacientes de #psoriasis #ArtritisPsoriÃ¡sica #ArtritisReumatoide exigimos al @minsa_peru que nos incluyan en la priorizaâ€¦,Melissita1204,1408179109700816897,2021-06-24T21:43:57,0
102,I've just posted a new blog: A family awaits news of a devoted grandmother. https://t.co/ipHbRLBGxk,gangwar_rohan,1408179109692325901,2021-06-24T21:43:57,0
103,"RT @TheBabylonBee: Huge Spike In Americans Buying F-15s After Biden Suggests You'll Need Them To Overthrow Government
https://t.co/1zNIuptTâ€¦",ContessaWinner,1408179109956620299,2021-06-24T21:43:57,0
104,RT @ReallyAmerican1: Please do us a huge favor and retweet this and follow @expandmajority to help get this Expand The Majority 2022 accounâ€¦,SherriR57881133,1408179110032064513,2021-06-24T21:43:57,0
105,https://t.co/akf7uh1mk1,DavidGr07837209,1408179110195601412,2021-06-24T21:43:57,0
106,"RT @HoppyMeme: ğŸ“¢To celebrate HOPPY 1âƒ£ month anniversary ğŸŠ, ğŸ¸HOPPY Farm will be launched this weekend (date &amp; time TBC) 

âœ…600% APRğŸ”¥
âœ… Rewarâ€¦",tikasaharajaya,1408179110216560640,2021-06-24T21:43:57,0
107,"RT @KoparaFallsKid: Let them drink sea water? 

South Australia does not need fresh water, Nationals claim in fiery Murray-Darling Basin plâ€¦",John25872967,1408179110300438528,2021-06-24T21:43:57,0
108,"RT @uk_domain_names: ""Cocktail bars and pubs are struggling to get hold of specialist drinks from Europe because Brexit complications are hâ€¦",donnell_kp,1408179110355087367,2021-06-24T21:43:57,0
109,And reinstate the fairness doctrine.,SailorDisco,1408179110262710275,2021-06-24T21:43:57,0
110,"RT @TheBabylonBee: In Historic First, WNBA Player Comes Out As Straight
https://t.co/s6Q8lJBmSj",Kairos_GMHB,1408179110573219842,2021-06-24T21:43:57,0
111,RT @ReallyAmerican1: Please do us a huge favor and retweet this and follow @expandmajority to help get this Expand The Majority 2022 accounâ€¦,LzProw,1408179110677925889,2021-06-24T21:43:57,0
112,"RT @mtgundogan: Hey!
SÃ¼per ortodoks ekonomistler, 
size kÃ¶tÃ¼ bir haberim var:)
BakÄ±n,  
Powell da aslÄ±nda 
faiz sebep, enflasyon neticedirâ€¦",kaf1864,1408179110904537089,2021-06-24T21:43:57,0
113,@Ro_Dizzo Lololol well in her defense she received tha news while we was at work.. but yea..shoulda jus went home,Nike_Horses,1408179110837432321,2021-06-24T21:43:57,0
114,"RT @Nonha_stata: Rudolph Giuliani perde la licenza dâ€™avvocato a New York per aver diffuso troppe fake news
In Italia gli avremmo dato un inâ€¦",ranallo_claudio,1408179110996742144,2021-06-24T21:43:57,0
115,@KHWONGRR povo do tiktok criando fake news,gcfparkjiminn,1408179110963298306,2021-06-24T21:43:57,0
116,RT @Ejercito_Div5: Trabajando por el bienestar de nuestros hombres y mujeres de la #Brigada13 @COL_EJERCITO el BatallÃ³n de Alta MontaÃ±a NÂ°1â€¦,jorgehtri,1408179111219105798,2021-06-24T21:43:57,0
117,"RT @realpfigueiredo: Olhem o jornalismo da Pan. PadrÃ£o Globo de Jornalismo. NÃ£o Ã© sÃ³ propaganda de esquerda mais, Ã© FAKE NEWS pura.",aliuminspem,1408179111097421825,2021-06-24T21:43:57,0
118,"RT @catsuka: ""Esluna: The Crown of Babylon"", a solo animated feature film directed by Denver Jackson @djaxx (Cloudrise Pictures, Canada).
&gt;â€¦",rolemodel4kids,1408179111722319872,2021-06-24T21:43:57,0
119,RT @Rossonerosemper: Tomori 28 e Demiral 40.,PaoloMancini30,1408179111651123205,2021-06-24T21:43:57,0
120,"RT @AbiA16072878: ""@ABC  Newsâ€™ Ian Pannell reports on how food is being used as a weapon of war in the #Tigray region of Ethiopia. #TigrayFâ€¦",Beka94745808,1408179111768559618,2021-06-24T21:43:57,0
121,RT @SonnieJohnson: It's going to take ppl that are CONSISTENT. Ppl that want to DO THE WORK....ğŸ‘ğŸ¾ğŸ‘ğŸ¾ğŸ‘ğŸ¾ğŸ‘ğŸ¾ğŸ‘ğŸ¾ğŸ‘ğŸ¾ğŸ‘ğŸ¾ğŸ‘ğŸ¾ğŸ‘ğŸ¾ğŸ‘ğŸ¾ğŸ‘ğŸ¾ğŸ‘ğŸ¾ğŸ‘ğŸ¾ğŸ‘ğŸ¾ğŸ‘ğŸ¾ğŸ‘ğŸ¾ğŸ‘ğŸ¾ğŸ‘ğŸ¾ğŸ‘ğŸ¾ğŸ‘ğŸ¾ğŸ‘ğŸ¾ hâ€¦,PaleoPhil,1408179111697256450,2021-06-24T21:43:57,0
122,"RT @amneris84: å›½ã®ãƒ«ãƒ¼ãƒ«ãŒå¤§äº‹ã€‚å ±é“ã®è‡ªç”±ã¯ä¸‡èƒ½ã§ã¯ãªã„â€¦â€¦å ±é“ã®è‡ªç”±ã‚’è»½è¦–ã™ã‚‹æ–¹ã€…ãŒã€ã—ã°ã—ã°ä½¿ã†è«–æ³•ã€‚ä¸‡èƒ½ã§ã¯ãªã„ãŒã€é‡è¦ã§ã‚ã‚Šå…¬ç›Šæ€§ãŒã‚ã‚‹ã€‚â†’ã€Œå ±é“ã®è‡ªç”±ã€å…ç½ªç¬¦ã§ãªã„ã€ã€€ä¸­å›½ãŒé¦™æ¸¯å¯¾å¿œã‚’æ­£å½“åŒ–(æœæ—¥æ–°èãƒ‡ã‚¸ã‚¿ãƒ«)
https://t.co/ChlwwZ0â€¦",0zzj7eOc1adBaFp,1408179111911067648,2021-06-24T21:43:57,0
123,"RT @thetvjp: ã€#ãƒ—ãƒ¬ã‚¼ãƒ³ãƒˆğŸã€‘
æ˜ ç”»ã€Œ#ãƒ’ãƒãƒãƒ«ã‚½ã‚¦ãƒ«ã€ã«å‡ºæ¼”ã™ã‚‹ #æ—¥å‘å‚46 #å°å‚èœç·’ ã•ã‚“ã®ã‚µã‚¤ãƒ³å…¥ã‚Šãƒã‚§ã‚­ã‚’1åæ§˜ã«ï¼

å¿œå‹Ÿæ–¹æ³•
1)@thetvjpã‚’ãƒ•ã‚©ãƒ­ãƒ¼
2)æœ¬æŠ•ç¨¿ã‚’RT
â˜‘7æœˆ8æ—¥24æ™‚ã€†

â–¼å°å‚èœç·’ã•ã‚“ã®ã‚¤ãƒ³ã‚¿ãƒ“ãƒ¥ãƒ¼ã¯ã“ã¡ã‚‰ğŸ¤
httpsâ€¦",S7Mrc,1408179112154337283,2021-06-24T21:43:57,0
124,"è„±èµ°ã®æ„ŸæŸ“è€…ã¯é‡ˆæ”¾ä¸­ã®å®¹ç–‘è€…
#Yahooãƒ‹ãƒ¥ãƒ¼ã‚¹
https://t.co/zE4gnC7JBK å®‰å®šã®å¤§é˜ªã€‚ã‚³ãƒ³ãƒˆã‚„ã‚“",kurasaVage,1408179112150065153,2021-06-24T21:43:57,0
125,"RT @mil_in_ua: ĞĞµÑ‰Ğ¾Ğ´Ğ°Ğ²Ğ½Ğ¾ Ñ€Ğ¾Ğ·ĞºÑ€Ğ¸Ñ‚Ğ¸Ğ¹ Ñ„Ğ¾Ñ‚Ğ¾Ğ¼Ğ°Ñ‚ĞµÑ€Ñ–Ğ°Ğ» ĞĞ‘Ğ¡Ğ„ Ñ” Ñ‰Ğµ Ğ¾Ğ´Ğ½Ğ¸Ğ¼ Ğ´Ğ¾ĞºĞ°Ğ·Ğ¾Ğ¼ Ğ¿Ñ€Ğ¸ÑÑƒÑ‚Ğ½Ğ¾ÑÑ‚Ñ– Ğ—Ğ±Ñ€Ğ¾Ğ¹Ğ½Ğ¸Ñ… Ğ¡Ğ¸Ğ» Ğ Ğ¾ÑÑ–Ñ— Ğ½Ğ° Ñ‚ĞµÑ€Ğ¸Ñ‚Ğ¾Ñ€Ñ–Ñ— Ğ£ĞºÑ€Ğ°Ñ—Ğ½Ğ¸.

Ğ”ĞµÑ‚Ğ°Ğ»Ñ– â¬‡

#Ğ£Ğºâ€¦",kniga555,1408179112284459019,2021-06-24T21:43:57,0
126,RT @RealJoelSmalley: First the inventor of the PCR test says it shouldn't be used to test for COVID and now the inventor of mRNA vaccines sâ€¦,booie_girl,1408179112238256128,2021-06-24T21:43:57,0
127,"RT @CDP2017: 6æœˆ25æ—¥(é‡‘)è¡—é ­æ¼”èª¬ã®ã‚¹ã‚±ã‚¸ãƒ¥ãƒ¼ãƒ«ã§ã™ğŸ“…æé‡å¹¸ç”·ã€è“®èˆ«ã€ç¦å±±å“²éƒã€æ³‰å¥å¤ªãŒæ±äº¬éƒ½å†…ã‚’å·¡ã‚Šã¾ã™ã€‚#éƒ½è­°é¸2021 å§‹ã¾ã‚‹ï¼

https://t.co/zitqHPQUD2",MZMT66,1408179112716369921,2021-06-24T21:43:57,0
128,RT @RepMeijer: Let me be clear: more people will die bc of craven propaganda like this. People who believe election was a â€œcoupâ€ + view govâ€¦,Backstorymom1,1408179112653561866,2021-06-24T21:43:57,0
129,"RT @KamalaHarris: The United States has experienced more deaths from COVID-19 than from World War I, World War II, the Vietnam War, and 9/1â€¦",Stehsantiago1,1408179112792018963,2021-06-24T21:43:57,0
130,@MTVEnglishNews @MohamadJawadKh1 @MohamadJawadKh1 if only u were still our minister of health!Please keep using yrâ€¦ https://t.co/MLTdiDDOMC,KaylynKaram,1408179112959676418,2021-06-24T21:43:57,0
131,"RT @TinCaps: After a couple weeks on the road, weâ€™re back ğŸ¡ for a 1ï¸âƒ£2ï¸âƒ£-game homestand starting Tuesday!

Join us for affordable, family fâ€¦",rebjack18,1408179113127522304,2021-06-24T21:43:57,0
132,@domfifield @David_Ornstein I'm not sure if @HLTCO is going to recover from this news.,madhatter351,1408179113098203137,2021-06-24T21:43:57,0
133,RT @poponpgunyan: æ±äº¬éƒ½è­°é¸ã®äº‰ç‚¹ ã€Œã‚³ãƒ­ãƒŠå¯¾ç­–ãƒ»å¯¾å¿œã€ãŒ70ï¼… NHKã‚¢ãƒ³ã‚±ãƒ¼ãƒˆ | NHKãƒ‹ãƒ¥ãƒ¼ã‚¹   https://t.co/DLoP92rf9w ã€æ„ŸæŸ“è€…ã¯570äººã§ã€2æ—¥é€£ç¶šã§å‰ã®é€±ã®åŒã˜æ›œæ—¥ã‹ã‚‰100äººä½™ã‚Šå¢—åŠ ã—ã€æ±äº¬ã‚ªãƒªãƒ³ãƒ”ãƒƒã‚¯ã®é–‹å¹•ã‚’å‰ã«æ„ŸæŸ“â€¦,Yoshida34297101,1408179113492242432,2021-06-24T21:43:58,0
134,RT @RDoelinger: Verdade.ğŸ˜‚ğŸ˜‚ğŸ˜‚ğŸ˜‚ğŸ˜‚,Everaldo_Capim,1408179113391755267,2021-06-24T21:43:57,0
135,RT @jtheaps9: I know people will be concerned about his ankle but I believe the Seahawks should seriously consider this. Bring him home!â€¦,BigGeorge6953,1408179113412628480,2021-06-24T21:43:57,0
136,"RT @KamalaHarris: The United States has experienced more deaths from COVID-19 than from World War I, World War II, the Vietnam War, and 9/1â€¦",charlie_white,1408179113442136075,2021-06-24T21:43:58,0
137,"RT @sn_gorin: å€‹äºº4å¤§ä¼šé€£ç¶šäº”è¼ªå‡ºå ´ã‚’é€ƒã—ãŸç¦å³¶åƒé‡Œã€Œçµ‚ã‚ã‚Šã®å§‹ã¾ã‚Šã€ã€€é€²é€€ã®æ˜è¨€ã¯é¿ã‘ã‚‹
#é™¸ä¸Š #ç¦å³¶åƒé‡Œ
https://t.co/ZiUFYx7VgS",takoyakirunrun,1408179113664208900,2021-06-24T21:43:58,0
138,"RT @OscarMbo: Vaccine, thatâ€™s all.",thedjskywalker,1408179113446232065,2021-06-24T21:43:58,0
139,"RT @mrsverypicky: BBC News - BBC receives 6,417 complaints for broadcasting Christian Eriksen collapse
https://t.co/esWQz1MzOl",JulieCuninghame,1408179113697984521,2021-06-24T21:43:58,0
140,"RT @quijotescx: The way that employee recognized, documented, and walked away from the Thing They So Don't Get Paid Enough To Deal With isâ€¦",DezireaSkye,1408179113857331210,2021-06-24T21:43:58,0
141,"RT @Schilling1776: â€œWokeâ€ is the perfect way to describe the leftâ€™s insane and malevolent agenda, because it just stirred the most powerfulâ€¦",NoDaTeddi,1408179113869955072,2021-06-24T21:43:58,0
142,"RT @doctor_oxford: YES.

Not next month. Not next year. Not next election cycle.

Now. 

RT if you agree. https://t.co/nGrv6KBhvc",burns_burns2801,1408179113857323016,2021-06-24T21:43:58,0
143,"Iranâ€™s new fears: From drones to remote control weapons, sabotage https://t.co/JwHBcUgtp5",ani_bencohen,1408179114016641025,2021-06-24T21:43:58,0
144,RT @kahoku_shimpo: ä»™å°ãƒ»é’è‘‰ã¾ã¤ã‚Šã®ä»£æ›¿ã‚¤ãƒ™ãƒ³ãƒˆå§‹ã¾ã‚‹ https://t.co/kbPu5rcLUj,furuidolabo,1408179114263990274,2021-06-24T21:43:58,0
145,"RT @andienas: Pak @jokowi, varian COVID-19 yang terbaru sudah banyak menyerang anak2. Kedatangan Pfizer harus diutamakan untuk mereka, bukaâ€¦",romi_mr,1408179114394091521,2021-06-24T21:43:58,0
146,RT @Feorlean: It would have been politically advantageous to @theSNP to release it before the election but the OECD would not permit it. Thâ€¦,patmc60928351,1408179114314452996,2021-06-24T21:43:58,0
147,"RT @drjohnm: As a cardiologist, I liken calling myocarditis 'mild' to the saying about 'minor' surgery. 

Minor surgery is surgery on someoâ€¦",martytwit,1408179114247430147,2021-06-24T21:43:58,0
148,RT @SenatorRomney: The Chinese Communist Party has now successfully eliminated one of Hong Kongâ€™s top pro-democracy newspapers in their endâ€¦,mandeegrant,1408179114574376961,2021-06-24T21:43:58,0
149,"RT @tooearnest: Not just her family, but also teams of managers and employees holding this woman hostage? This is harrowing. https://t.co/eâ€¦",AlsDorado,1408179114809253893,2021-06-24T21:43:58,0
150,"RT @KosukeGoto2013: ã‚‚ã—ãã†ã§ã‚ã‚‹ãªã‚‰ã°ã€åŠ è—¤å®˜æˆ¿é•·å®˜ã¯å®®å†…åºé•·å®˜ã®æ›´è¿­ã«å‹•ãã¹ãã ã‚ã†ã€‚é•·å®˜è‡ªèº«ãŒé™›ä¸‹ã®åå‰ã‚’ä½¿ã£ã¦è‡ªã‚‰ã®è€ƒãˆæ–¹ã‚’è¨€ã†ã®ã¯ã€ãƒãƒªã‚’ã“ãˆã¦ã„ã‚‹ã‹ã‚‰ã€‚è…é¦–ç›¸ã¨åŠ è—¤å®˜æˆ¿é•·å®˜ã«ãã‚ŒãŒã§ãã‚‹ã®ã‹ã€‚
â†’åŠ è—¤æ° é™›ä¸‹ã®æ‡¸å¿µã¯é•·å®˜ã®è€ƒãˆåŠ è—¤æ° é™›ä¸‹ã®æ‡¸å¿µã¯â€¦",tc5GHs9SXM7ndfC,1408179114905784320,2021-06-24T21:43:58,0
151,RT @SenatorRomney: The Chinese Communist Party has now successfully eliminated one of Hong Kongâ€™s top pro-democracy newspapers in their endâ€¦,carstarr6,1408179114863964160,2021-06-24T21:43:58,0
152,"å¤§è°·ç¿”å¹³ã€ã¾ãŸã‚‚å²ä¸Šåˆã‚’è¨˜éŒ²ã€‚ã‚¢ãƒ»ãƒªãƒ¼ã‚°ãŒDHã‚’ä½¿ã‚ãšã€ãƒŠãƒ»ãƒªãƒ¼ã‚°ãŒDHï¼ˆJ SPORTSï¼‰
#Yahooãƒ‹ãƒ¥ãƒ¼ã‚¹
 https://t.co/yyIz6oA1vJ",jh1oca_echolink,1408179115128070147,2021-06-24T21:43:58,0
153,"RT @oricon: ä»®é¢ãƒ©ã‚¤ãƒ€ãƒ¼ï¼†ã‚¹ãƒ¼ãƒ‘ãƒ¼æˆ¦éšŠãƒ•ã‚¡ãƒ³éˆ´æœ¨ç¦ã€Wã‚¢ãƒ‹ãƒãƒ¼ã‚µãƒªãƒ¼æ˜ ç”»å‡ºæ¼”ã€Œäººç”Ÿ17å¹´é–“ã§æœ€é«˜ã«å¹¸ã›ã€ï¼ˆå†™çœŸ å…¨2æšï¼‰
https://t.co/u8L9AemDTo

 #å†…è—¤ç§€ä¸€éƒ #é§’æœ¨æ ¹è‘µæ±° #éˆ´æœ¨ç¦ #ä»®é¢ãƒ©ã‚¤ãƒ€ãƒ¼ã‚»ã‚¤ãƒãƒ¼ #ã‚»ã‚¤ãƒãƒ¼ #ã‚¼ãƒ³ã‚«ã‚¤ã‚¸ãƒ£ãƒ¼â€¦",Katsuki913,1408179115266428928,2021-06-24T21:43:58,0
154,@rxtheatre Congratulations! Thatâ€™s great news ğŸ˜Š @MCC_AFMTeam @McrCulturePship @macinnes_neil,zobo_miler,1408179115329527815,2021-06-24T21:43:58,0
155,"RT @klimajourno: ""Zu den untersuchten SchlÃ¼sselfaktoren, auch Treiber genannt, gehÃ¶renâ€¦ auch ... die Berichterstattung in den Medien. TatsÃ¤â€¦",Thomas_Reyer,1408179115593715721,2021-06-24T21:43:58,0
156,"RT @netatank: ã‚µã‚¤ãƒ†ãƒ¼ã§ã™

æ°´æºœã‚Šãƒœãƒ³ãƒ‰ã€ã‚ã‚„ãªã‚“ã€ã‚³ãƒ ãƒ‰ãƒƒãƒˆâ€¦è¶…äººæ°—YouTuber31åãŒç·Šæ€¥äº‹æ…‹å®£è¨€ä¸‹ã«â€œè‡ªç²›ç ´ã‚Šã®å¤§ãƒ‘ãƒ¼ãƒ†ã‚£â€ã€Œæ·±å¤œ3æ™‚ã¾ã§æ³¥é…”ã‚«ãƒ©ã‚ªã‚±ã€ã€Šã‚¹ã‚¯ãƒ¼ãƒ—æ’®ã€‹(æ–‡æ˜¥ã‚ªãƒ³ãƒ©ã‚¤ãƒ³)
#Yahooãƒ‹ãƒ¥ãƒ¼ã‚¹
https://t.co/AKU0NfI5LU",konkkitsune,1408179115581083651,2021-06-24T21:43:58,0
157,"RT @quijotescx: The way that employee recognized, documented, and walked away from the Thing They So Don't Get Paid Enough To Deal With isâ€¦",chemis90,1408179115300114436,2021-06-24T21:43:58,0
158,RT @traecrowder: FOX NEWS SUGGESTED WE DEFUND THE MILITARY?! https://t.co/LM0kBSWHSz,TBates314,1408179115635757065,2021-06-24T21:43:58,0
159,@Saintly96 @PeteWargent https://t.co/aeBdbLheOS,nwilliams7900,1408179115685908480,2021-06-24T21:43:58,0
160,"RT @kikankou_kou: å°æ•°å¤šã„ãªï¼

ãƒ€ã‚¤ãƒãƒ„ã€111ä¸‡å°ãƒªã‚³ãƒ¼ãƒ«ã€€ã€Œã‚¿ãƒ³ãƒˆã€ãªã©ã‚¨ãƒ³ã‚¹ãƒˆæã‚Œ(æ™‚äº‹é€šä¿¡)
#Yahooãƒ‹ãƒ¥ãƒ¼ã‚¹
https://t.co/SUM5T0N6jx",ishizukikan,1408179115761442817,2021-06-24T21:43:58,0
161,"RT @eiga_natalie: ã€Œã‚¹ãƒ¼ãƒ‘ãƒ¼ãƒ’ãƒ¼ãƒ­ãƒ¼æˆ¦è¨˜ã€ãƒ©ã‚¤ãƒ€ãƒ¼å¥½ããƒ»éˆ´æœ¨ç¦ãŒæ‚²é¡˜ã®å‡ºæ¼”ï¼äºˆå‘Šã«1å·ã‚„ã‚¤ãƒã‚¸ãƒ³ã‚‚ï¼ˆã‚³ãƒ¡ãƒ³ãƒˆã‚ã‚Šï¼‰
https://t.co/5R8U7LeW1S

#ä»®é¢ãƒ©ã‚¤ãƒ€ãƒ¼ã‚»ã‚¤ãƒãƒ¼ #ã‚¼ãƒ³ã‚«ã‚¤ã‚¸ãƒ£ãƒ¼ #ã‚¹ãƒ¼ãƒ‘ãƒ¼ãƒ’ãƒ¼ãƒ­ãƒ¼æˆ¦è¨˜ #éˆ´æœ¨ç¦ #é–¢ä¿Šå½¦ #éŠä½æµ©â€¦",eblsv860,1408179115891433474,2021-06-24T21:43:58,0
162,"RT @aquarium4762: å¤§é˜ªåºœã‚’å…¨å›½ã§ã‚‚æœ€æ‚ªã®æ„ŸæŸ“çŠ¶æ…‹ã«ã—ãŸãŠå‰ãŒã€ã“ã‚“ãªã“ã¨è¨€ãˆãŸã‚‚ã®ã‹ã€‚ãŠå‰ã¯åˆæœŸã®é ƒæ„ŸæŸ“è€…ãŒå‡ºãŸã¨ãã®æ¤œæŸ»ã®å¾¹åº•ã¨éš”é›¢ãªã‚“ã¦å…¨ç„¶ã—ãªã‹ã£ãŸã€‚
å‰æ‘ã€Œæœ¬å½“ã«ã“ã‚Œã§ã„ã„ã®ã‹ã€é€£ç™ºã€€æ°´éš›å¯¾ç­–ã«ç–‘å•ã¨ä¸æº€ã€€ã‚¦ã‚¬ãƒ³ãƒ€é¸æ‰‹å›£ã®æ¿ƒåšæ¥è§¦èªå®šã«è§¦ã‚Œã‚‹(ãƒ‡ã‚¤ãƒªãƒ¼â€¦",pristinanomine,1408179116021452800,2021-06-24T21:43:58,0
163,"RT @IainLJBrown: Artificial Intelligence for Rapid Exclusion of COVID-19 Infection - SciTechDaily

Read more here: https://t.co/YFEHAa7hOUâ€¦",PythonExpertBot,1408179115912540169,2021-06-24T21:43:58,0
164,"RT @quijotescx: The way that employee recognized, documented, and walked away from the Thing They So Don't Get Paid Enough To Deal With isâ€¦",natalie_toews,1408179116000559106,2021-06-24T21:43:58,0
165,"RT @DrButtar: Data from the European Union: 15,472 DEAD 1.5 Million Injured (50% SERIOUS) Reported in European Unionâ€™s Database of Adverseâ€¦",PRobesss,1408179116327804933,2021-06-24T21:43:58,0
166,"RT @thetvjp: ä¸­å³¶å¥äººã€æ³¢ç‘ ã‚‰å¤ãƒ‰ãƒ©ãƒå‡ºæ¼”è€…ãŒã‚¢ãƒ‹ãƒ¡éŸ³æ¥½ã‚¯ã‚¤ã‚ºã§å‹è² ï¼ï¼œ#ã‚¯ã‚¤ã‚ºï¼ãƒ‰ãƒ¬ãƒŸãƒ•ã‚¡ãƒ‰ãƒ³ï¼

#ä¸­å±±ç§€å¾ #æ³¢ç‘  #ç”°ä¸­åœ­ #å²¡å´ç´—çµµ #ä¸­å³¶å¥äºº #å°èŠé¢¨èŠ± #èµ¤æ¥šè¡›äºŒ #æ¸¡é‚Šåœ­ç¥ #ç™½çŸ³è– #èˆ¹è¶Šè‹±ä¸€éƒ #ç¾½ç”°ç¾æ™ºå­ #çµæœ¨æ»‰æ˜Ÿ #ä¸­æ‘ä¿Šä»‹ #åŒ—æ‘åŒ æµ·â€¦",szkcherry2000,1408179116491214853,2021-06-24T21:43:58,0
167,El problema es que no hay vacunas,SenorCaicedo,1408179116508073986,2021-06-24T21:43:58,0
168,"RT @livedoornews: ã€ä»Šå¤ã‚ˆã‚Šã€‘ãƒã‚±ãƒ¢ãƒ³å²ä¸Šåˆã®â€œéª¨æ ¼â€å…¬é–‹ï¼ã€Œãƒã‚±ãƒ¢ãƒ³åŒ–çŸ³åšç‰©é¤¨ã€é–‹å‚¬ã¸
https://t.co/MWzm6QjW6f

ã€ãƒã‚±ãƒƒãƒˆãƒ¢ãƒ³ã‚¹ã‚¿ãƒ¼ã€ã«ç™»å ´ã™ã‚‹ã€Œã‚«ã‚»ã‚­ãƒã‚±ãƒ¢ãƒ³ã€ã¨ç¾å®Ÿã§ç™ºæ˜ã•ã‚ŒãŸã€ŒåŒ–çŸ³ã€ã‚’æ¯”è¼ƒã—ãªãŒã‚‰ã€æ¥½ã—ãå¤ç”Ÿç‰©å­¦ã‚’å­¦ã¹ã‚‹ã€‚å…¨å›½â€¦",CgHhkRtHaFHwkq4,1408179116650631169,2021-06-24T21:43:58,0
169,(Auto-News) #iOS15 und #iPadOS15: #Beta 2 jetzt fÃ¼r Entwickler erschienen https://t.co/jWAMxL9wFB,Technikinfo_One,1408179116554264579,2021-06-24T21:43:58,0
170,RT @SenGianaris: When some members of the party thatâ€™s supposed to be for everyday people side instead with the biggest corporations that eâ€¦,SolientArt,1408179116550111235,2021-06-24T21:43:58,0
171,"RT @quijotescx: The way that employee recognized, documented, and walked away from the Thing They So Don't Get Paid Enough To Deal With isâ€¦",Snowflake052,1408179116587814918,2021-06-24T21:43:58,0
172,"RT @JennaEllisEsq: Watch the full @Jim_Jordan interview on Big Tech antitrust legislation:

https://t.co/TA1JI8KjI7",kjoesworld,1408179116801675264,2021-06-24T21:43:58,0
173,RT @patriamea: ê²½ìœ„ ë° ì±…ì„ ì†Œì¬ íë¦¬ë©ë©í•œ ì¡°ì„ ì¼ë³´ì˜ ì‚¬ê³¼ë¬¸ https://t.co/OiJc370Xuz,kingkingkorea,1408179117132980227,2021-06-24T21:43:58,0
174,Need to straighten my hair even though im gonna have the urge to wash it right after im done https://t.co/nIeLCrt8qD,zilluas,1408179117049237506,2021-06-24T21:43:58,0
175,"RT @TheBabylonBee: In Historic First, WNBA Player Comes Out As Straight
https://t.co/s6Q8lJBmSj",ourladyofwar,1408179117548183552,2021-06-24T21:43:58,0
176,"RT @KamalaHarris: The United States has experienced more deaths from COVID-19 than from World War I, World War II, the Vietnam War, and 9/1â€¦",Foxfieldguy,1408179117707591682,2021-06-24T21:43:59,0
177,"RT @itsCruiseElroy: Version 1.3 of Annalynn has finally arrived, and it's a big one! Play through all the levels out of order in random modâ€¦",Grimley_Vasquez,1408179117569286150,2021-06-24T21:43:58,0
178,"Top news!
Might try Pitcairn
..
How long does it take again?",BobTaffy69,1408179117799968771,2021-06-24T21:43:59,0
179,"RT @fwtoney: NEWS:  An OAN broadcast contributor, Pearson Sharp, just called for mass executions of Americans who rejected Donald Trump's fâ€¦",FunnestBestest,1408179117829279745,2021-06-24T21:43:59,0
180,RT @HBMRC_ACU: Research driven by the Addiction and Mental Health program lead @lorenzvnt has led the top US federal health agency to annouâ€¦,acualliedhealth,1408179118097670144,2021-06-24T21:43:59,0
181,"RT @h1de_ous: I donâ€™t understand how anyone can support the push of these jabs on kids, but even less so when someone close to you have dieâ€¦",TerryTmcgookin,1408179118131326982,2021-06-24T21:43:59,0
182,RT @karakay67: ĞÑ‚ Ğ¶Ğ°Ğ»ĞºĞ¾ Ğ¿Ğ°Ñ†Ğ°Ğ½Ğ°!,Light1065S,1408179118152241155,2021-06-24T21:43:59,0
183,(Auto-News) #watchOS8 #Beta 2 kann jetzt auch geladen werden https://t.co/xPIf0be8PT,Technikinfo_One,1408179118236123141,2021-06-24T21:43:59,0
184,"joLLy the good news products
ÙƒÙ€Ø¤Ø¨Ù“Ø¤Ù† Ø®Ù“Ù€Ù“ØµÙ°Ù“Ù…

Ù†Ù…Ø´Ù€Ù‰ NA28 
Ø¨ÙÙ€Ù€Ù°Ø¢Ø« Ø¢Ù†Ù€ÙØ¯ Ø¨Ù€ÙˆØ¯Ù‰Ù F7841
ÙÙˆØºÙ€Ø¢ ÙƒÙ€Ù„Ø¤Ø³ÙŠØª X3V

Ø¢Ø¯ÙŠÙ€Ø¯Ø¢Ø³ UPâ€¦ https://t.co/lZHcTUWr8n",BrandyK62987383,1408179118609420291,2021-06-24T21:43:59,0
185,UK deaths outnumber births for first time in 40 years https://t.co/ahVjLiHUu7,AnnRemmers,1408179118680719366,2021-06-24T21:43:59,0
186,RT @ExpandMajority: We're an account dedicated to expanding the Democratic majorities in both the House and Senate in 2022. Please do us aâ€¦,CPaRhon,1408179118663929861,2021-06-24T21:43:59,0
187,"$TVTY Tivity Health Prices New Senior Secured Credit Facilities in Significantly Oversubscribed Transaction, Increaâ€¦ https://t.co/2BO1lEMDM3",stock_titan,1408179118936559627,2021-06-24T21:43:59,0
188,"RT @DriverCheckCA: Your loyal support has helped us grow, and now we need more space to serve you better. ğŸ˜

We are pleased to announce thaâ€¦",Outtranslation,1408179119104352256,2021-06-24T21:43:59,0
189,Get ready for the next MCSR news video! https://t.co/AeOcZnk2Is,piiikaJ,1408179118688989188,2021-06-24T21:43:59,0
190,"RT @tristanmf: OAN, le mÃ©dia conspi prisÃ© par les rÃ©publicains US, suggÃ¨re au calme l'exÃ©cution de dizaines de milliers d'amÃ©ricains impliqâ€¦",SamizoKouhei,1408179119251144707,2021-06-24T21:43:59,0
191,RT @turkish_project: Today we are proud to advocate for Turkish human rights and a return to democratic values in #Turkey as we launch theâ€¦,HaMaLBEY,1408179119502790664,2021-06-24T21:43:59,0
192,RT @pc_watch: ã€é€Ÿå ±ã€‘Windows 10ã®å¾Œç¶™Windows 11ç™ºè¡¨ https://t.co/eQlHKqco1L https://t.co/Kpz1rZvap6,luna_soleil_00,1408179119687311360,2021-06-24T21:43:59,0
193,@BandyXLee1 https://t.co/g7QP8F7Wt5,MReputo,1408179119653785600,2021-06-24T21:43:59,0
194,"RT @tolissoo24: La fin du monde en 2012, fallait voir les transpirations sur le front au collÃ¨ge",brgclr3008,1408179119788105731,2021-06-24T21:43:59,0
195,RT @Baligubadle1: Fox News should be banned on all military bases.,legh6987,1408179119876034567,2021-06-24T21:43:59,0
196,@mrjamesalexandr @reelfedup93 @KawsachunNews No Im implying that 99% of people that get it will be fine. If u are iâ€¦ https://t.co/itbxNRtXwv,ChamathieWood,1408179119687233537,2021-06-24T21:43:59,0
197,(Auto-News) #Apple verteilt auch #Beta 2 von #tvOS15 an #Entwickler https://t.co/szQcUrzbHv,Technikinfo_One,1408179119838437377,2021-06-24T21:43:59,0
198,RT @kylegriffin1: Reuters: The Biden Justice Department is urging state courts to adopt strategies that will prevent families who are strugâ€¦,jaydotcom,1408179120056553478,2021-06-24T21:43:59,0
199,RT @2020Marceau: 5/n Pas plus tard quâ€™hier en IsraÃ«l une jeune femme de 22 ans est morte dâ€™une myocardite suite Ã  la vaccination Pfizer !â€¦,OrianeTheOne,1408179120341762062,2021-06-24T21:43:59,0
200,RT @SallyTiger: These people are SICK!,SandraT33124304,1408179120144633858,2021-06-24T21:43:59,0
201,"RT @AP: Nearly all COVID-19 deaths in the U.S. now are in people who werenâ€™t vaccinated, a demonstration of how effective the vaccines haveâ€¦",ereliuer_eteer,1408179120530280449,2021-06-24T21:43:59,0
202,RT @Darkly_Dave: Anyone who has worked retail feels this dudes reaction in their bones,Tech__Nick,1408179120450772995,2021-06-24T21:43:59,0
203,"bien dommage que fr/news totally n'a pas bonne source pour la politique d'Iran Iranienne en vÃ©ritÃ©
prenez contact dâ€¦ https://t.co/aCju3izHdJ",NOTbetween2,1408179120597606401,2021-06-24T21:43:59,0
204,"RT @kgopinion: Florida has been sinking into Earth since 1990s, researchers say

https://t.co/HyTw23HVqB",comradevoltron,1408179120639340544,2021-06-24T21:43:59,0
205,Hamas and Israel arenâ€™t the only violent actors against innocent civilians. The Palestinian Authority is also complâ€¦ https://t.co/20iwLfDogm,IshatReza,1408179120442200070,2021-06-24T21:43:59,0
206,"RT @QasimRashid: TW Genocide

751 unmarked graves found at Indigenous school in Saskatchewanâ€”just weeks after 215 kids found at a similar sâ€¦",sunshineIeeknow,1408179120752807952,2021-06-24T21:43:59,0
207,"RT @priconne_redive: ã€å¾©åˆ»ã‚¹ãƒˆãƒ¼ãƒªãƒ¼ã‚¤ãƒ™ãƒ³ãƒˆRTã‚­ãƒ£ãƒ³ãƒšãƒ¼ãƒ³ã€‘
æœ¬ã‚¢ã‚«ã‚¦ãƒ³ãƒˆã‚’ãƒ•ã‚©ãƒ­ãƒ¼ã—ã€ã“ã®ãƒ„ã‚¤ãƒ¼ãƒˆã‚’RTã—ã¦ãã‚ŒãŸæ–¹ã®ä¸­ã‹ã‚‰æŠ½é¸ã§6åæ§˜ã«ã€
å¾©åˆ»ã‚¹ãƒˆãƒ¼ãƒªãƒ¼ã‚¤ãƒ™ãƒ³ãƒˆã€Œä¸æ€è­°ã®å›½ã®ãƒªãƒã€€å°ã•ãªã‚¢ãƒªã‚¹ã¨å¸Œæœ›ã®çµµæœ¬ã€å†…ã®ã‚¢ãƒ‹ãƒ¡è¤‡è£½åŸç”»ã‚’ã€ã‚µã‚¤ãƒ³å…¥ã‚Šã§ãƒ—ãƒ¬ã‚¼ãƒ³â€¦",Devil_yuuki,1408179120937209858,2021-06-24T21:43:59,0
208,"RT @comic_natalie: TVã‚¢ãƒ‹ãƒ¡ã€Œãƒã‚¯ãƒ†ãƒ³!!ã€æ˜ ç”»åŒ–æ±ºå®šï¼ç”·å­æ–°ä½“æ“ã«é­…ã›ã‚‰ã‚ŒãŸé«˜æ ¡ç”ŸãŸã¡ã®é’æ˜¥ç¾¤åƒåŠ‡ï¼ˆå‹•ç”»ã‚ã‚Šï¼‰
https://t.co/DSDPadvvRc

#ãƒã‚¯ãƒ†ãƒ³ https://t.co/FZK7sR4VEU",ayushirase,1408179120991719428,2021-06-24T21:43:59,0
209,"RT @mrwillw: This is amazing news. We did it, Ontario!
So happy for @WoodbineTB and @WoodbineSB!",Vronn_G,1408179120970866695,2021-06-24T21:43:59,0
210,RT @Ken_The_Sheriff: Apologies to Hamish with regards to his concussion. However the terms â€˜passive defenceâ€™ donâ€™t really apply to the Sherâ€¦,jothomas98,1408179120987574288,2021-06-24T21:43:59,0
211,"What does your retirement look like?  I can help! Contact me today! https://t.co/yTsNeIozF0

https://t.co/8tvwQrvsBm",ATumamaoSLF,1408179121037877252,2021-06-24T21:43:59,0
212,RT @kahoku_shimpo: ã€Œï¼µï¼¦ï¼¯ç ”ç©¶æ‰€ã€ç¦å³¶ã«é–‹è¨­ã€€å›½å†…å”¯ä¸€ã€æ‰€é•·ã«ã€ŒæœˆåˆŠãƒ ãƒ¼ã€ç·¨é›†é•· https://t.co/bkIqg9ZLgk,zunda1981,1408179121184595968,2021-06-24T21:43:59,0
213,RT @NinWire: The #HotWheels Mario Kart Rainbow Road Raceway Track Set is speeding to store shelves this July! https://t.co/rPX75Lgi8W httpsâ€¦,IBj274,1408179121239347201,2021-06-24T21:43:59,0
214,"Amaechi, other face query over NPAâ€™s N166.6 billion unremittedÂ funds https://t.co/AvAYfIPs7H",tatafo__tony,1408179121285439494,2021-06-24T21:43:59,0
215,RT @shibainuart: ğŸš¨ HUGE NEWS: $xFUND to become oracle provider for #ShibaSwap! Thank you @UnificationUND!!!! - $SHIB,TabacoanTeddy,1408179121197252608,2021-06-24T21:43:59,0
216,"RT @toadmeister: A new study in the journal Vaccines concludes that for every three deaths the vaccines prevent, one person dies from an adâ€¦",EMC2_Relativity,1408179121402884098,2021-06-24T21:43:59,0
217,"@JohnKRoman @ScottHech These children aren't hiding from cops or the KKK.

https://t.co/95tbS7jyEd

This is the thrâ€¦ https://t.co/62Sas2Yy2s",bowtiesandlies,1408179121276948483,2021-06-24T21:43:59,0
218,RT @nylee_office: https://t.co/1JvOIpjtbr â€œì´ë‚™ì—° ìº í”„ëŠ” ì—´ë¦°ê³µê°TV ë° ìµœì„±í•´ ì „ ì´ì¥ì— ëŒ€í•´ 'ì •ë³´í†µì‹ ë§ ì´ìš© ì´‰ì§„ ë° ì •ë³´ë³´í˜¸ ë“±ì— ê´€í•œ ë²•ë¥  ìœ„ë°˜(ëª…ì˜ˆí›¼ì†)' ë“± ë¯¼í˜•ì‚¬ìƒì˜ ëŒ€ì‘ê³¼ í•´ë‹¹ ë™ì˜ìƒì„ ë¬´ì°¨ë³„ì ìœ¼ë¡œâ€¦,sooyeon311,1408179121625079815,2021-06-24T21:43:59,0
219,"RT @rentvchannel: ĞĞ° Ğ±Ğ¾Ñ€Ñ‚Ñƒ Ğ¿Ñ€Ğ¾Ğ¿Ğ°Ğ²ÑˆĞµĞ³Ğ¾ Ğ¿Ğ¾Ğ´ ĞÑ€Ñ…Ğ°Ğ½Ğ³ĞµĞ»ÑŒÑĞºĞ¾Ğ¼ Ğ»ĞµĞ³ĞºĞ¾Ğ¼Ğ¾Ñ‚Ğ¾Ñ€Ğ½Ğ¾Ğ³Ğ¾ ÑĞ°Ğ¼Ğ¾Ğ»ĞµÑ‚Ğ° Ğ¼Ğ¾Ğ³Ğ»Ğ¸ Ğ½Ğ°Ñ…Ğ¾Ğ´Ğ¸Ñ‚ÑŒÑÑ Ğ´Ğ²Ğ° Ñ‡ĞµĞ»Ğ¾Ğ²ĞµĞºĞ°.  Ğ¡Ñ‚Ğ°Ğ»Ğ¾ Ğ¸Ğ·Ğ²ĞµÑÑ‚Ğ½Ğ¾, Ñ‡Ñ‚Ğ¾ Ğ´Ğ²Ğ¾Ğµ Ğ»Ğµâ€¦",Olga20427843,1408179121700605952,2021-06-24T21:43:59,0
220,"@Matthew_Kilburn Hi, some sad news I'm afraid from Roger Waugh, that Tony Selby died yesterday after a short illnesâ€¦ https://t.co/fcP2lKlcI8",GjbNoize,1408179121633497097,2021-06-24T21:43:59,0
221,RT @seanhannity: Chinese Researchers Had NIH Delete Data from Early Wuhan COVID-19 Patients ğŸ‘‡https://t.co/x3Q31nO1qi,IsraelNewsLinks,1408179121721643015,2021-06-24T21:43:59,0
222,I've just posted a new blog: Doctors and Nurses Are the Key to the Final Vaccine Push https://t.co/L0fupRy2eC,gangwar_rohan,1408179121830703111,2021-06-24T21:44:00,0
223,"RT @Philipmarks87: One of the first compromises from Biden's ""agenda"" was a new federal minimum wage. More hollow words. https://t.co/uwWSvâ€¦",NMJMRedux,1408179121847291908,2021-06-24T21:44:00,0
224,"RT @eiga_natalie: ã€Œã‚¹ãƒ¼ãƒ‘ãƒ¼ãƒ’ãƒ¼ãƒ­ãƒ¼æˆ¦è¨˜ã€ãƒ©ã‚¤ãƒ€ãƒ¼å¥½ããƒ»éˆ´æœ¨ç¦ãŒæ‚²é¡˜ã®å‡ºæ¼”ï¼äºˆå‘Šã«1å·ã‚„ã‚¤ãƒã‚¸ãƒ³ã‚‚ï¼ˆã‚³ãƒ¡ãƒ³ãƒˆã‚ã‚Šï¼‰
https://t.co/5R8U7LeW1S

#ä»®é¢ãƒ©ã‚¤ãƒ€ãƒ¼ã‚»ã‚¤ãƒãƒ¼ #ã‚¼ãƒ³ã‚«ã‚¤ã‚¸ãƒ£ãƒ¼ #ã‚¹ãƒ¼ãƒ‘ãƒ¼ãƒ’ãƒ¼ãƒ­ãƒ¼æˆ¦è¨˜ #éˆ´æœ¨ç¦ #é–¢ä¿Šå½¦ #éŠä½æµ©â€¦",hm_toui,1408179122082177024,2021-06-24T21:44:00,0
225,RT @WintersNight18: Ah yes voluntarily taking a vaccine now = the Nuremberg trials cause that makes sense and btw thatâ€™s not the BEGINNINGâ€¦,Democracy1stA,1408179122241605632,2021-06-24T21:44:00,0
226,RT @MikeCarlton01: Underlining - yet again - the culpable incompetence of the vaccine rollout.   Smirko and The Truculent Runt the guilty mâ€¦,dowsett_alan,1408179122493214723,2021-06-24T21:44:00,0
227,"RT @news_postseven: æ—¥æœ¬äººã®å—æ¥µä¸Šé™¸110å¹´ã€€é‰„é“æŠ€è¡“ãŒæ¥µåœ°ã§ã®æŒ‘æˆ¦ã‚’æ”¯ãˆã‚‹å´é¢ã‚‚
https://t.co/otGfBYli4K
å—æ¥µã¨é‰„é“ã€ã¾ã£ãŸãé–¢ã‚ã‚ŠãŒãªã•ãã†ãªã“ã®äºŒã¤ã®æ­´å²ãŒã€æ¥µåœ°ã§ç ”ç©¶ã‚’ã™ã™ã‚ã‚‹ãŸã‚ã«ã¯æ¬ ã‹ã›ãªã„éƒ¨åˆ†ã§äº¤ã‚ã£ã¦ã„ã‚‹ã€‚ãƒ©ã‚¤ã‚¿ãƒ¼ã®å°â€¦",yorozuna,1408179122677841922,2021-06-24T21:44:00,0
228,"On June 18, 2021, the FDA released its long-awaited draft guidance entitled Remanufacturing of Medical Devices.  https://t.co/KCfyunYPuW",DOTmedcom,1408179122661036032,2021-06-24T21:44:00,0
229,"The Purchase District Health Department and McCracken County Public Library are working together to provide Narcan,â€¦ https://t.co/3ulnBpYLU9",WPSDLocal6,1408179122539536384,2021-06-24T21:44:00,0
230,"The star said it's happened to him more than once.
https://t.co/2Ul0E7svCh",YahooEntsUK,1408179122707189760,2021-06-24T21:44:00,0
231,RT @WinstonCProject: FUN FACT: Edwin Poots lasted longer as DUP leader in comparison to Andrew Neil on GB News.,EUnotCoup,1408179122820370432,2021-06-24T21:44:00,0
232,"RT @ONLINE_DAFC: . @BoneyKapoor COMMING to Chennai in this week ğŸ‘ŠğŸ”¥

Next Thala Fans Happy News Tha.. ğŸ˜

#Valimai #AjithKumar https://t.co/pâ€¦",Murugan98205703,1408179122682007554,2021-06-24T21:44:00,0
233,"RT @BostonGlobe: 78 confirmed cases, 4 deaths, and 16,636 vaccinations. See todayâ€™s COVID-19 data from Mass. https://t.co/xaFW00dEmQ",snfan88_jen,1408179122816311298,2021-06-24T21:44:00,0
234,"RT @MountRainierNPS: @MountRainierNPS Extends Public Comment Period  on Lahar Detection &amp; Seismic Monitoring System to July 9, 2021, News Râ€¦",sneezypoowalsh2,1408179122883293185,2021-06-24T21:44:00,0
235,"The Covid-19 surge is to blame
https://t.co/7axHigCcs6",GrimsbyLive,1408179122736533505,2021-06-24T21:44:00,0
236,"An update was made on Thursday 
https://t.co/wscuc5hger",EdinburghLive_,1408179122912731137,2021-06-24T21:44:00,0
237,@VirginiaMLowman Good news.,big_stella1,1408179122933841925,2021-06-24T21:44:00,0
238,"Adherido | Conferencia: Â¿CÃ³mo contar la #sostenibilidad creativamente?

Participa en esta charla y conoce la platafâ€¦ https://t.co/aJSqDmTvJr",pactocolombia,1408179122950508544,2021-06-24T21:44:00,0
239,"Foul play is not suspected in his death.
https://t.co/CF5b4Ymg9Q",FOXBaltimore,1408179123000856579,2021-06-24T21:44:00,0
240,"æ—¥æœ¬ã§ã¯ã‚¿ãƒ–ãƒ¼ï¼ã€Œå…¨è£¸ç›£ç£ã€ç¶šç·¨ã§æã‹ã‚ŒãŸã‚¸ãƒ£ãƒ‹ãƒ¼ã‚ºå¹¹éƒ¨ã€æ®´ã‚Šè¾¼ã¿äº‹ä»¶ã€Ÿï¼ˆæ±ã‚¹ãƒWebï¼‰
https://t.co/7EyYTXRdFs
â€œå‰ç§‘ï¼—çŠ¯ã€å€Ÿé‡‘ï¼•ï¼å„„å††ã€ç±³å¸æ³•å½“å±€ã‹ã‚‰æ‡²å½¹ï¼“ï¼—ï¼å¹´ã‚’æ±‚åˆ‘ã•ã‚ŒãŸæ‘è¥¿ã¨ãŠã‚‹ç›£ç£ï¼ˆï¼—ï¼’ï¼‰â€œ

ã“ã®è‚©æ›¸ãã¯å¼·ã„
æ•™ç§‘æ›¸ã«ã¯ä¹—ã‚‰ãªã„å‰äºº",motekiga,1408179123051065345,2021-06-24T21:44:00,0
241,RT @emmakennytv: I very much appreciate the face that the MSM are now starting to publish a more balanced discussion Inventor of mRNA vacciâ€¦,Em_x_G,1408179123084828680,2021-06-24T21:44:00,0
242,MARVELâ€™S AVENGERS Reveals New Roadmap and Teases Omega-Level Threat Content - https://t.co/kA7UhrxhTW https://t.co/fKGfGotAJy,ComicBookNOW,1408179122799476737,2021-06-24T21:44:00,0
243,"RT @KayBurley: Remember when @EE said they had no plans to charge roaming fees in Europe? 

Wellâ€¦

https://t.co/8NUqWpifEa https://t.co/xElâ€¦",JohnathanPocock,1408179123256705025,2021-06-24T21:44:00,0
244,"Even more great #meowrathon news! @rileyjsilverman
 is  joining us and @JamesUrbaniak for some #dnd5e on Saturday 7â€¦ https://t.co/eKwiBnurct",odndpod,1408179122409394177,2021-06-24T21:44:00,0
245,RT @u0iVhEbAfItxeYL: çŒ«ãŒã€å­çŒ«ãƒ¢ãƒ¼ãƒ‰ã€ã«åˆ‡ã‚Šæ›¿ã‚ã‚‹ã‚·ãƒ¼ãƒ³5é¸ (ã­ã“ã¡ã‚ƒã‚“ãƒ›ãƒ³ãƒ) https://t.co/VIZH2PPe08,xo5aliOlt31lXUX,1408179123369824257,2021-06-24T21:44:00,0
246,"RT @kano9x: ã“ã‚“ãªç•ªçµ„å§‹ã¾ã‚Šã¾ã™ã€‚ã‚ˆã‚ã—ããŠé¡˜ã„è‡´ã—ã¾ã™â˜ºï¸

ç‹©é‡è‹±å­ãŒMCã®ãƒãƒ©ã‚¨ãƒ†ã‚£ç•ªçµ„ã€Œæ‹ã™ã‚‹ãƒ¡ã‚½ãƒƒãƒ‰ã€ã®æ”¾é€ãŒæ±ºå®šã€€ä¸€ãƒç€¬ç«œã€æ¤æ‘é¢¯å¤ªã€TOMOã€ä¸­å³¶å¥ã€å’Œç”°é¢¯ã‚‰ã‚¤ã‚±ãƒ¡ãƒ³ãŸã¡ãŒãƒ¢ãƒ†ãƒ†ã‚¯ã‚’æŠ«éœ² https://t.co/pHs3Wjn3Fu #ç‹©é‡è‹±å­ #æ‹â€¦",sioanpan1022,1408179123499913216,2021-06-24T21:44:00,0
247,"RT @realpfigueiredo: Olhem o jornalismo da Pan. PadrÃ£o Globo de Jornalismo. NÃ£o Ã© sÃ³ propaganda de esquerda mais, Ã© FAKE NEWS pura. https:/â€¦",chianesia,1408179123562876929,2021-06-24T21:44:00,0
248,"Our new survey shows that COVID-19 has impacted refugees in Uganda significantly.Â 

It has affected welfare and menâ€¦ https://t.co/3R6oLcD1FF",Refugees,1408179123458093058,2021-06-24T21:44:00,0
249,RT @lisamerlot2323: Good Morning #SanditonSisterhood ! Anyone else  anxious for casting news? #SanditonIsSaved #Sanditon,msearcy08,1408179123646865413,2021-06-24T21:44:00,0
250,"RT @BloodyPolitics: Oh no. Scotland's Dark Sky Observatory destroyed. ğŸ˜­
@darkskyobs 
 https://t.co/X1fQkZebgE",B_W_Marshall,1408179123588059139,2021-06-24T21:44:00,0
